<?xml version="1.0" encoding="utf-8"?>
<System>
  <P Name="Location">[72, 27, 1920, 1080]</P>
  <P Name="SetExecutionDomain">off</P>
  <P Name="ExecutionDomainType">Deduce</P>
  <P Name="ZoomFactor">222</P>
  <P Name="SimulinkSubDomain">Simulink</P>
  <Block BlockType="Inport" Name="qsdot" SID="159">
    <P Name="Position">[165, 383, 195, 397]</P>
    <P Name="ZOrder">124</P>
  </Block>
  <Block BlockType="Inport" Name="qs" SID="160">
    <P Name="Position">[165, 348, 195, 362]</P>
    <P Name="ZOrder">-1</P>
    <P Name="Port">2</P>
  </Block>
  <Block BlockType="Constant" Name="c1" SID="162">
    <P Name="Position">[150, 260, 210, 280]</P>
    <P Name="ZOrder">127</P>
    <P Name="Value">Be</P>
    <P Name="SampleTime">0</P>
  </Block>
  <Block BlockType="Constant" Name="c2" SID="163">
    <P Name="Position">[150, 220, 210, 240]</P>
    <P Name="ZOrder">128</P>
    <P Name="Value">Ke</P>
    <P Name="SampleTime">0</P>
  </Block>
  <Block BlockType="SubSystem" Name="env" SID="164">
    <P Name="Ports">[5, 1]</P>
    <P Name="Position">[300, 286, 440, 364]</P>
    <P Name="ZOrder">125</P>
    <P Name="ErrorFcn">Stateflow.Translate.translate</P>
    <P Name="PermitHierarchicalResolution">ExplicitOnly</P>
    <P Name="TreatAsAtomicUnit">on</P>
    <P Name="RequestExecContextInheritance">off</P>
    <P Name="SFBlockType">MATLAB Function</P>
    <System Ref="system_164"/>
  </Block>
  <Block BlockType="Constant" Name="qe" SID="515">
    <P Name="Position">[165, 300, 195, 330]</P>
    <P Name="ZOrder">178</P>
    <P Name="Value">qe</P>
  </Block>
  <Block BlockType="Outport" Name="fe" SID="165">
    <P Name="Position">[505, 318, 535, 332]</P>
    <P Name="ZOrder">-2</P>
    <P Name="VectorParamsAs1DForOutWhenUnconnected">off</P>
  </Block>
  <Line>
    <P Name="ZOrder">8</P>
    <P Name="Src">515#out:1</P>
    <P Name="Points">[40, 0; 0, 10]</P>
    <P Name="Dst">164#in:3</P>
  </Line>
  <Line>
    <P Name="ZOrder">2</P>
    <P Name="Src">162#out:1</P>
    <P Name="Points">[42, 0; 0, 40]</P>
    <P Name="Dst">164#in:2</P>
  </Line>
  <Line>
    <P Name="ZOrder">3</P>
    <P Name="Src">163#out:1</P>
    <P Name="Points">[65, 0; 0, 65]</P>
    <P Name="Dst">164#in:1</P>
  </Line>
  <Line>
    <P Name="ZOrder">4</P>
    <P Name="Src">160#out:1</P>
    <P Name="Points">[26, 0; 0, -15]</P>
    <P Name="Dst">164#in:4</P>
  </Line>
  <Line>
    <P Name="ZOrder">5</P>
    <P Name="Src">159#out:1</P>
    <P Name="Points">[44, 0; 0, -35]</P>
    <P Name="Dst">164#in:5</P>
  </Line>
  <Line>
    <P Name="ZOrder">6</P>
    <P Name="Src">164#out:1</P>
    <P Name="Dst">165#in:1</P>
  </Line>
  <Annotation SID="166">
    <P Name="Name">force</P>
    <P Name="Position">[448, 309, 472, 324]</P>
    <P Name="InternalMargins">[0, 0, 0, 0]</P>
    <P Name="ZOrder">-1</P>
  </Annotation>
</System>
