<?xml version="1.0" encoding="utf-8"?>
<System>
  <P Name="Location">[72, 27, 1920, 1080]</P>
  <P Name="SetExecutionDomain">off</P>
  <P Name="ExecutionDomainType">Deduce</P>
  <P Name="ZoomFactor">175</P>
  <P Name="SimulinkSubDomain">Simulink</P>
  <Block BlockType="Inport" Name="tau_a" SID="196">
    <P Name="Position">[220, 313, 250, 327]</P>
    <P Name="ZOrder">1630</P>
  </Block>
  <Block BlockType="Inport" Name="fe" SID="240">
    <P Name="Position">[805, 48, 835, 62]</P>
    <P Name="ZOrder">1631</P>
    <P Name="BlockMirror">on</P>
    <P Name="Port">2</P>
  </Block>
  <Block BlockType="Gain" Name="Gain" SID="167">
    <P Name="Position">[675, 35, 735, 75]</P>
    <P Name="ZOrder">797</P>
    <P Name="BlockMirror">on</P>
    <P Name="Gain">lArm_s</P>
  </Block>
  <Block BlockType="Gain" Name="Gain1" SID="168">
    <P Name="Position">[320, 295, 385, 345]</P>
    <P Name="ZOrder">779</P>
    <P Name="Gain">Kt2c_s</P>
  </Block>
  <Block BlockType="Gain" Name="Gain2" SID="169">
    <P Name="Position">[605, 295, 670, 345]</P>
    <P Name="ZOrder">794</P>
    <P Name="Gain">Kc2v_s</P>
  </Block>
  <Block BlockType="Gain" Name="Gain3" SID="170">
    <P Name="Position">[540, 29, 605, 81]</P>
    <P Name="ZOrder">798</P>
    <P Name="BlockMirror">on</P>
    <P Name="Gain">Kt2c_s</P>
  </Block>
  <Block BlockType="Integrator" Name="Integrator" SID="171">
    <P Name="Ports">[1, 1]</P>
    <P Name="Position">[945, 305, 975, 335]</P>
    <P Name="ZOrder">15</P>
    <Port>
      <P Name="PortNumber">1</P>
    </Port>
  </Block>
  <Block BlockType="Saturate" Name="Saturation" SID="183">
    <P Name="Position">[425, 305, 455, 335]</P>
    <P Name="ZOrder">778</P>
    <P Name="UpperLimit">maxCurrent_s</P>
    <P Name="LowerLimit">-maxCurrent_s</P>
  </Block>
  <Block BlockType="Sum" Name="Sum2" SID="184">
    <P Name="Ports">[2, 1]</P>
    <P Name="Position">[520, 310, 540, 330]</P>
    <P Name="ZOrder">796</P>
    <P Name="ShowName">off</P>
    <P Name="Inputs">-+|</P>
  </Block>
  <Block BlockType="Scope" Name="check sat&#xA;current" SID="187">
    <P Name="Ports">[2]</P>
    <P Name="Position">[620, 371, 650, 404]</P>
    <P Name="ZOrder">786</P>
    <P Name="ScopeSpecificationString">Simulink.scopes.TimeScopeBlockCfg(&apos;CurrentConfiguration&apos;, extmgr.ConfigurationSet(extmgr.Configuration(&apos;Core&apos;,&apos;General UI&apos;,true),extmgr.Configuration(&apos;Core&apos;,&apos;Source UI&apos;,true),extmgr.Configuration(&apos;Sources&apos;,&apos;WiredSimulink&apos;,true,&apos;DataLoggingVariableName&apos;,&apos;ScopeData1&apos;),extmgr.Configuration(&apos;Visuals&apos;,&apos;Time Domain&apos;,true,&apos;SerializedDisplays&apos;,{struct(&apos;MinYLimReal&apos;,&apos;-0.1113&apos;,&apos;MaxYLimReal&apos;,&apos;0.42291&apos;,&apos;YLabelReal&apos;,&apos;&apos;,&apos;MinYLimMag&apos;,&apos;0.00000&apos;,&apos;MaxYLimMag&apos;,&apos;0.42291&apos;,&apos;LegendVisibility&apos;,&apos;off&apos;,&apos;XGrid&apos;,true,&apos;YGrid&apos;,true,&apos;PlotMagPhase&apos;,false,&apos;AxesColor&apos;,[0 0 0],&apos;AxesTickColor&apos;,[0.686274509803922 0.686274509803922 0.686274509803922],&apos;ColorOrder&apos;,[1 1 0.0666666666666667;0.0745098039215686 0.623529411764706 1;1 0.411764705882353 0.16078431372549;0.392156862745098 0.831372549019608 0.0745098039215686;0.717647058823529 0.274509803921569 1;0.0588235294117647 1 1;1 0.0745098039215686 0.650980392156863],&apos;Title&apos;,&apos;%&lt;SignalLabel&gt;&apos;,&apos;LinePropertiesCache&apos;,{{struct(&apos;Marker&apos;,&apos;o&apos;,&apos;MarkerSize&apos;,8)}},&apos;UserDefinedChannelNames&apos;,{{}},&apos;NumLines&apos;,2,&apos;LineNames&apos;,{{&apos;Saturation&apos;,&apos;Gain1&apos;}},&apos;ShowContent&apos;,true,&apos;Placement&apos;,1)},&apos;DisplayPropertyDefaults&apos;,struct(&apos;MinYLimReal&apos;,&apos;-0.1113&apos;,&apos;MaxYLimReal&apos;,&apos;0.42291&apos;,&apos;YLabelReal&apos;,&apos;&apos;,&apos;MinYLimMag&apos;,&apos;0.00000&apos;,&apos;MaxYLimMag&apos;,&apos;0.42291&apos;,&apos;LegendVisibility&apos;,&apos;off&apos;,&apos;XGrid&apos;,true,&apos;YGrid&apos;,true,&apos;PlotMagPhase&apos;,false,&apos;AxesColor&apos;,[0 0 0],&apos;AxesTickColor&apos;,[0.686274509803922 0.686274509803922 0.686274509803922],&apos;ColorOrder&apos;,[0.0745098039215686 0.623529411764706 1;1 0.411764705882353 0.16078431372549;1 1 0.0666666666666667;0.717647058823529 0.274509803921569 1;0.392156862745098 0.831372549019608 0.0745098039215686;0.0588235294117647 1 1;1 0.0745098039215686 0.650980392156863])),extmgr.Configuration(&apos;Tools&apos;,&apos;Plot Navigation&apos;,true,&apos;OnceAtStop&apos;,false,&apos;PreviousAutoscale&apos;,&apos;XY&apos;),extmgr.Configuration(&apos;Tools&apos;,&apos;Measurements&apos;,true,&apos;Version&apos;,&apos;2020a&apos;)),&apos;Version&apos;,&apos;2020a&apos;,&apos;Position&apos;,[78 491 580 291])</P>
    <P Name="NumInputPorts">2</P>
    <P Name="Floating">off</P>
  </Block>
  <Block BlockType="Scope" Name="torque&#xA;command" SID="190">
    <P Name="Ports">[2]</P>
    <P Name="Position">[380, 51, 410, 84]</P>
    <P Name="ZOrder">27</P>
    <P Name="ScopeSpecificationString">Simulink.scopes.TimeScopeBlockCfg(&apos;CurrentConfiguration&apos;, extmgr.ConfigurationSet(extmgr.Configuration(&apos;Core&apos;,&apos;General UI&apos;,true),extmgr.Configuration(&apos;Core&apos;,&apos;Source UI&apos;,true),extmgr.Configuration(&apos;Sources&apos;,&apos;WiredSimulink&apos;,true,&apos;DataLoggingVariableName&apos;,&apos;ScopeData2&apos;),extmgr.Configuration(&apos;Visuals&apos;,&apos;Time Domain&apos;,true,&apos;SerializedDisplays&apos;,{struct(&apos;MinYLimReal&apos;,&apos;-0.10478&apos;,&apos;MaxYLimReal&apos;,&apos;0.52989&apos;,&apos;YLabelReal&apos;,&apos;&apos;,&apos;MinYLimMag&apos;,&apos;0.00000&apos;,&apos;MaxYLimMag&apos;,&apos;0.52989&apos;,&apos;LegendVisibility&apos;,&apos;off&apos;,&apos;XGrid&apos;,true,&apos;YGrid&apos;,true,&apos;PlotMagPhase&apos;,false,&apos;AxesColor&apos;,[0 0 0],&apos;AxesTickColor&apos;,[0.686274509803922 0.686274509803922 0.686274509803922],&apos;ColorOrder&apos;,[1 1 0.0666666666666667;0.0745098039215686 0.623529411764706 1;1 0.411764705882353 0.16078431372549;0.392156862745098 0.831372549019608 0.0745098039215686;0.717647058823529 0.274509803921569 1;0.0588235294117647 1 1;1 0.0745098039215686 0.650980392156863],&apos;Title&apos;,&apos;%&lt;SignalLabel&gt;&apos;,&apos;LinePropertiesCache&apos;,{{struct(&apos;Marker&apos;,&apos;o&apos;,&apos;MarkerSize&apos;,8)}},&apos;UserDefinedChannelNames&apos;,{{}},&apos;NumLines&apos;,2,&apos;LineNames&apos;,{{&apos;tau_a&apos;,&apos;Gain&apos;}},&apos;ShowContent&apos;,true,&apos;Placement&apos;,1)},&apos;DisplayPropertyDefaults&apos;,struct(&apos;MinYLimReal&apos;,&apos;-0.10478&apos;,&apos;MaxYLimReal&apos;,&apos;0.52989&apos;,&apos;YLabelReal&apos;,&apos;&apos;,&apos;MinYLimMag&apos;,&apos;0.00000&apos;,&apos;MaxYLimMag&apos;,&apos;0.52989&apos;,&apos;LegendVisibility&apos;,&apos;off&apos;,&apos;XGrid&apos;,true,&apos;YGrid&apos;,true,&apos;PlotMagPhase&apos;,false,&apos;AxesColor&apos;,[0 0 0],&apos;AxesTickColor&apos;,[0.686274509803922 0.686274509803922 0.686274509803922],&apos;ColorOrder&apos;,[0.0745098039215686 0.623529411764706 1;1 0.411764705882353 0.16078431372549;1 1 0.0666666666666667;0.717647058823529 0.274509803921569 1;0.392156862745098 0.831372549019608 0.0745098039215686;0.0588235294117647 1 1;1 0.0745098039215686 0.650980392156863])),extmgr.Configuration(&apos;Tools&apos;,&apos;Plot Navigation&apos;,true,&apos;OnceAtStop&apos;,false,&apos;PreviousZoomMode&apos;,&apos;ZoomOut&apos;,&apos;PreviousAutoscale&apos;,&apos;XY&apos;),extmgr.Configuration(&apos;Tools&apos;,&apos;Measurements&apos;,true,&apos;Version&apos;,&apos;2020a&apos;)),&apos;Version&apos;,&apos;2020a&apos;,&apos;Position&apos;,[73 1 1848 961])</P>
    <P Name="NumInputPorts">2</P>
    <P Name="Floating">off</P>
  </Block>
  <Block BlockType="TransferFcn" Name="voltage-&gt;velocity" SID="192">
    <P Name="Position">[705, 282, 835, 358]</P>
    <P Name="ZOrder">319</P>
    <P Name="Numerator">[k_s]</P>
    <P Name="Denominator">[tau_s 1]</P>
  </Block>
  <Block BlockType="Outport" Name="qs_dot" SID="194">
    <P Name="Position">[945, 403, 975, 417]</P>
    <P Name="ZOrder">1628</P>
  </Block>
  <Line>
    <P Name="ZOrder">1</P>
    <P Name="Src">169#out:1</P>
    <P Name="Dst">192#in:1</P>
  </Line>
  <Line>
    <P Name="ZOrder">9</P>
    <P Name="Src">167#out:1</P>
    <P Name="Points">[-49, 0]</P>
    <Branch>
      <P Name="ZOrder">10</P>
      <P Name="Points">[0, 65; -269, 0; 0, -45]</P>
      <P Name="Dst">190#in:2</P>
    </Branch>
    <Branch>
      <P Name="ZOrder">11</P>
      <P Name="Dst">170#in:1</P>
    </Branch>
  </Line>
  <Line>
    <P Name="ZOrder">23</P>
    <P Name="Src">168#out:1</P>
    <P Name="Points">[13, 0]</P>
    <Branch>
      <P Name="ZOrder">24</P>
      <P Name="Points">[0, 75]</P>
      <P Name="Dst">187#in:2</P>
    </Branch>
    <Branch>
      <P Name="ZOrder">25</P>
      <P Name="Dst">183#in:1</P>
    </Branch>
  </Line>
  <Line>
    <P Name="ZOrder">26</P>
    <P Name="Src">183#out:1</P>
    <P Name="Points">[12, 0]</P>
    <Branch>
      <P Name="ZOrder">27</P>
      <P Name="Dst">184#in:2</P>
    </Branch>
    <Branch>
      <P Name="ZOrder">28</P>
      <P Name="Points">[0, 60]</P>
      <P Name="Dst">187#in:1</P>
    </Branch>
  </Line>
  <Line>
    <P Name="ZOrder">29</P>
    <P Name="Src">184#out:1</P>
    <P Name="Dst">169#in:1</P>
  </Line>
  <Line>
    <P Name="ZOrder">31</P>
    <P Name="Src">170#out:1</P>
    <P Name="Points">[-5, 0]</P>
    <P Name="Dst">184#in:1</P>
  </Line>
  <Line>
    <P Name="ZOrder">32</P>
    <P Name="Src">192#out:1</P>
    <P Name="Points">[75, 0]</P>
    <Branch>
      <P Name="ZOrder">40</P>
      <P Name="Points">[0, 90]</P>
      <P Name="Dst">194#in:1</P>
    </Branch>
    <Branch>
      <P Name="ZOrder">41</P>
      <P Name="Dst">171#in:1</P>
    </Branch>
  </Line>
  <Line>
    <P Name="ZOrder">57</P>
    <P Name="Src">196#out:1</P>
    <P Name="Points">[23, 0]</P>
    <Branch>
      <P Name="ZOrder">59</P>
      <P Name="Points">[0, -260]</P>
      <P Name="Dst">190#in:1</P>
    </Branch>
    <Branch>
      <P Name="ZOrder">58</P>
      <P Name="Dst">168#in:1</P>
    </Branch>
  </Line>
  <Line>
    <P Name="ZOrder">62</P>
    <P Name="Src">240#out:1</P>
    <P Name="Dst">167#in:1</P>
  </Line>
</System>
