<?xml version="1.0" encoding="utf-8"?>
<System>
  <P Name="Location">[1920, 27, 3840, 1080]</P>
  <P Name="SetExecutionDomain">off</P>
  <P Name="ExecutionDomainType">Deduce</P>
  <P Name="ZoomFactor">458</P>
  <P Name="SimulinkSubDomain">Simulink</P>
  <Block BlockType="Inport" Name="qmdot" SID="14">
    <P Name="Position">[-295, 168, -265, 182]</P>
    <P Name="ZOrder">124</P>
  </Block>
  <Block BlockType="Derivative" Name="Derivative" SID="15">
    <P Name="Position">[-205, 160, -175, 190]</P>
    <P Name="ZOrder">767</P>
    <P Name="CoefficientInTFapproximation">0.001</P>
  </Block>
  <Block BlockType="Gain" Name="Gain1" SID="16">
    <P Name="Position">[-130, 157, -70, 193]</P>
    <P Name="ZOrder">765</P>
    <P Name="Gain">Jh</P>
  </Block>
  <Block BlockType="Gain" Name="Gain2" SID="17">
    <P Name="Position">[-130, 102, -70, 138]</P>
    <P Name="ZOrder">766</P>
    <P Name="Gain">Bh</P>
  </Block>
  <Block BlockType="Sum" Name="Sum" SID="18">
    <P Name="Ports">[2, 1]</P>
    <P Name="Position">[-40, 135, -20, 155]</P>
    <P Name="ZOrder">768</P>
    <P Name="ShowName">off</P>
    <P Name="Inputs">+|+</P>
  </Block>
  <Block BlockType="Outport" Name="hm_phys" SID="19">
    <P Name="Position">[60, 138, 90, 152]</P>
    <P Name="ZOrder">-2</P>
    <P Name="VectorParamsAs1DForOutWhenUnconnected">off</P>
  </Block>
  <Line>
    <P Name="ZOrder">1</P>
    <P Name="Src">14#out:1</P>
    <P Name="Points">[31, 0]</P>
    <Branch>
      <P Name="ZOrder">2</P>
      <P Name="Points">[0, -55]</P>
      <P Name="Dst">17#in:1</P>
    </Branch>
    <Branch>
      <P Name="ZOrder">3</P>
      <P Name="Dst">15#in:1</P>
    </Branch>
  </Line>
  <Line>
    <P Name="ZOrder">4</P>
    <P Name="Src">18#out:1</P>
    <P Name="Dst">19#in:1</P>
  </Line>
  <Line>
    <P Name="ZOrder">5</P>
    <P Name="Src">15#out:1</P>
    <P Name="Dst">16#in:1</P>
  </Line>
  <Line>
    <P Name="ZOrder">6</P>
    <P Name="Src">17#out:1</P>
    <P Name="Dst">18#in:1</P>
  </Line>
  <Line>
    <P Name="ZOrder">7</P>
    <P Name="Src">16#out:1</P>
    <P Name="Points">[35, 0]</P>
    <P Name="Dst">18#in:2</P>
  </Line>
  <Annotation SID="20">
    <P Name="Name">force</P>
    <P Name="Position">[-12, 159, 12, 174]</P>
    <P Name="InternalMargins">[0, 0, 0, 0]</P>
    <P Name="ZOrder">-1</P>
  </Annotation>
</System>
