<?xml version="1.0" encoding="utf-8"?>
<System>
  <P Name="Location">[72, 27, 1920, 1080]</P>
  <P Name="Open">on</P>
  <P Name="SetExecutionDomain">off</P>
  <P Name="ExecutionDomainType">Deduce</P>
  <P Name="ZoomFactor">145</P>
  <P Name="ReportName">simulink-default.rpt</P>
  <P Name="SIDHighWatermark">517</P>
  <P Name="SimulinkSubDomain">Simulink</P>
  <Block BlockType="SubSystem" Name="Environment" SID="158">
    <P Name="Ports">[2, 1]</P>
    <P Name="Position">[720, 161, 815, 199]</P>
    <P Name="ZOrder">1674</P>
    <P Name="BlockMirror">on</P>
    <P Name="RequestExecContextInheritance">off</P>
    <System Ref="system_158"/>
  </Block>
  <Block BlockType="SubSystem" Name="Force_Control" SID="490">
    <P Name="Ports">[2, 2]</P>
    <P Name="Position">[520, 40, 615, 100]</P>
    <P Name="ZOrder">6788</P>
    <P Name="RequestExecContextInheritance">off</P>
    <P Name="ContentPreviewEnabled">on</P>
    <System Ref="system_490"/>
  </Block>
  <Block BlockType="Gain" Name="Gain" SID="513">
    <P Name="Position">[320, 70, 350, 100]</P>
    <P Name="ZOrder">6789</P>
    <P Name="Gain">lArm_s</P>
  </Block>
  <Block BlockType="Gain" Name="Gain1" SID="517">
    <P Name="Position">[210, 465, 240, 495]</P>
    <P Name="ZOrder">6791</P>
    <P Name="Gain">-1</P>
  </Block>
  <Block BlockType="SubSystem" Name="Master" SID="1">
    <P Name="Ports">[2, 1]</P>
    <P Name="Position">[185, 306, 260, 364]</P>
    <P Name="ZOrder">1630</P>
    <P Name="RequestExecContextInheritance">off</P>
    <P Name="ContentPreviewEnabled">on</P>
    <System Ref="system_1"/>
  </Block>
  <Block BlockType="SubSystem" Name="Operator&#xA;(intention)" SID="21">
    <P Name="Ports">[4, 1]</P>
    <P Name="Position">[0, 305, 110, 395]</P>
    <P Name="ZOrder">1633</P>
    <P Name="RequestExecContextInheritance">off</P>
    <System Ref="system_21"/>
  </Block>
  <Block BlockType="Scope" Name="Position" SID="197">
    <P Name="Ports">[2]</P>
    <P Name="Position">[195, 111, 225, 144]</P>
    <P Name="ZOrder">1644</P>
    <P Name="ScopeSpecificationString">Simulink.scopes.TimeScopeBlockCfg(&apos;CurrentConfiguration&apos;, extmgr.ConfigurationSet(extmgr.Configuration(&apos;Core&apos;,&apos;General UI&apos;,true),extmgr.Configuration(&apos;Core&apos;,&apos;Source UI&apos;,true),extmgr.Configuration(&apos;Sources&apos;,&apos;WiredSimulink&apos;,true,&apos;DataLoggingVariableName&apos;,&apos;ScopeData1&apos;),extmgr.Configuration(&apos;Visuals&apos;,&apos;Time Domain&apos;,true,&apos;SerializedDisplays&apos;,{struct(&apos;MinYLimReal&apos;,&apos;-6.27043&apos;,&apos;MaxYLimReal&apos;,&apos;9.61431&apos;,&apos;YLabelReal&apos;,&apos;&apos;,&apos;MinYLimMag&apos;,&apos;0.00000&apos;,&apos;MaxYLimMag&apos;,&apos;9.61431&apos;,&apos;LegendVisibility&apos;,&apos;On&apos;,&apos;XGrid&apos;,true,&apos;YGrid&apos;,true,&apos;PlotMagPhase&apos;,false,&apos;AxesColor&apos;,[0 0 0],&apos;AxesTickColor&apos;,[0.686274509803922 0.686274509803922 0.686274509803922],&apos;ColorOrder&apos;,[1 1 0.0666666666666667;0.0745098039215686 0.623529411764706 1;1 0.411764705882353 0.16078431372549;0.392156862745098 0.831372549019608 0.0745098039215686;0.717647058823529 0.274509803921569 1;0.0588235294117647 1 1;1 0.0745098039215686 0.650980392156863],&apos;Title&apos;,&apos;%&lt;SignalLabel&gt;&apos;,&apos;LinePropertiesCache&apos;,{{}},&apos;UserDefinedChannelNames&apos;,{{}},&apos;NumLines&apos;,2,&apos;LineNames&apos;,{{&apos;pos_slave&apos;,&apos;pos_master&apos;}},&apos;ShowContent&apos;,true,&apos;Placement&apos;,1)},&apos;DisplayPropertyDefaults&apos;,struct(&apos;MinYLimReal&apos;,&apos;-6.27043&apos;,&apos;MaxYLimReal&apos;,&apos;9.61431&apos;,&apos;YLabelReal&apos;,&apos;&apos;,&apos;MinYLimMag&apos;,&apos;0.00000&apos;,&apos;MaxYLimMag&apos;,&apos;9.61431&apos;,&apos;LegendVisibility&apos;,&apos;On&apos;,&apos;XGrid&apos;,true,&apos;YGrid&apos;,true,&apos;PlotMagPhase&apos;,false,&apos;AxesColor&apos;,[0 0 0],&apos;AxesTickColor&apos;,[0.686274509803922 0.686274509803922 0.686274509803922],&apos;ColorOrder&apos;,[0.0745098039215686 0.623529411764706 1;1 0.411764705882353 0.16078431372549;1 1 0.0666666666666667;0.717647058823529 0.274509803921569 1;0.392156862745098 0.831372549019608 0.0745098039215686;0.0588235294117647 1 1;1 0.0745098039215686 0.650980392156863])),extmgr.Configuration(&apos;Tools&apos;,&apos;Plot Navigation&apos;,true,&apos;OnceAtStop&apos;,false,&apos;PreviousAutoscale&apos;,&apos;XY&apos;),extmgr.Configuration(&apos;Tools&apos;,&apos;Measurements&apos;,true,&apos;Version&apos;,&apos;2020a&apos;)),&apos;Version&apos;,&apos;2020a&apos;,&apos;Position&apos;,[73 1 1848 961])</P>
    <P Name="NumInputPorts">2</P>
    <P Name="Floating">off</P>
  </Block>
  <Block BlockType="Scope" Name="Scope" SID="516">
    <P Name="Ports">[2]</P>
    <P Name="Position">[335, 466, 365, 499]</P>
    <P Name="ZOrder">6790</P>
    <P Name="ScopeSpecificationString">Simulink.scopes.TimeScopeBlockCfg(&apos;CurrentConfiguration&apos;, extmgr.ConfigurationSet(extmgr.Configuration(&apos;Core&apos;,&apos;General UI&apos;,true),extmgr.Configuration(&apos;Core&apos;,&apos;Source UI&apos;,true),extmgr.Configuration(&apos;Sources&apos;,&apos;WiredSimulink&apos;,true,&apos;DataLoggingVariableName&apos;,&apos;ScopeData1&apos;),extmgr.Configuration(&apos;Visuals&apos;,&apos;Time Domain&apos;,true),extmgr.Configuration(&apos;Tools&apos;,&apos;Plot Navigation&apos;,true),extmgr.Configuration(&apos;Tools&apos;,&apos;Measurements&apos;,true)),&apos;Version&apos;,&apos;2020a&apos;)</P>
    <P Name="NumInputPorts">2</P>
    <P Name="Floating">off</P>
  </Block>
  <Block BlockType="SubSystem" Name="Slave" SID="155">
    <P Name="Ports">[2, 1]</P>
    <P Name="Position">[770, 312, 860, 383]</P>
    <P Name="ZOrder">1642</P>
    <P Name="RequestExecContextInheritance">off</P>
    <P Name="ContentPreviewEnabled">on</P>
    <System Ref="system_155"/>
  </Block>
  <Block BlockType="SubSystem" Name="Subsystem" SID="44">
    <P Name="Ports">[0, 2]</P>
    <P Name="Position">[-240, 348, -180, 392]</P>
    <P Name="ZOrder">1632</P>
    <P Name="RequestExecContextInheritance">off</P>
    <P Name="ContentPreviewEnabled">on</P>
    <System Ref="system_44"/>
  </Block>
  <Block BlockType="Sum" Name="Sum" SID="294">
    <P Name="Ports">[2, 1]</P>
    <P Name="Position">[585, 320, 605, 340]</P>
    <P Name="ZOrder">3359</P>
    <P Name="Inputs">++|</P>
  </Block>
  <Block BlockType="SubSystem" Name="Telerobotic_Controller" SID="207">
    <P Name="Ports">[2, 2]</P>
    <P Name="Position">[355, 304, 470, 411]</P>
    <P Name="ZOrder">1671</P>
    <P Name="RequestExecContextInheritance">off</P>
    <P Name="ContentPreviewEnabled">on</P>
    <System Ref="system_207"/>
  </Block>
  <Block BlockType="Integrator" Name="pos_master" SID="239">
    <P Name="Ports">[1, 1]</P>
    <P Name="Position">[85, 120, 115, 150]</P>
    <P Name="ZOrder">1673</P>
  </Block>
  <Block BlockType="Integrator" Name="pos_slave" SID="238">
    <P Name="Ports">[1, 1]</P>
    <P Name="Position">[-90, 295, -60, 325]</P>
    <P Name="ZOrder">1672</P>
  </Block>
  <Block BlockType="Integrator" Name="qs" SID="241">
    <P Name="Ports">[1, 1]</P>
    <P Name="Position">[870, 175, 900, 205]</P>
    <P Name="ZOrder">1675</P>
    <P Name="BlockMirror">on</P>
  </Block>
  <Line>
    <P Name="ZOrder">17</P>
    <P Name="Src">21#out:1</P>
    <P Name="Dst">1#in:2</P>
  </Line>
  <Line>
    <P Name="ZOrder">20</P>
    <P Name="Src">44#out:1</P>
    <P Name="Dst">21#in:3</P>
  </Line>
  <Line>
    <P Name="ZOrder">21</P>
    <P Name="Src">44#out:2</P>
    <P Name="Dst">21#in:4</P>
  </Line>
  <Line>
    <P Name="ZOrder">119</P>
    <P Name="Src">155#out:1</P>
    <P Name="Points">[80, 0; 0, -71]</P>
    <Branch>
      <P Name="ZOrder">180</P>
      <P Name="Points">[0, -89]</P>
      <Branch>
        <P Name="ZOrder">183</P>
        <P Name="Dst">241#in:1</P>
      </Branch>
      <Branch>
        <P Name="ZOrder">182</P>
        <P Name="Points">[0, -20]</P>
        <P Name="Dst">158#in:1</P>
      </Branch>
    </Branch>
    <Branch>
      <P Name="ZOrder">179</P>
      <P Name="Points">[-614, 0]</P>
      <Branch>
        <P Name="ZOrder">160</P>
        <P Name="Points">[0, 51]</P>
        <P Name="Dst">207#in:1</P>
      </Branch>
      <Branch>
        <P Name="ZOrder">159</P>
        <P Name="Points">[-502, 0; 0, 31]</P>
        <Branch>
          <P Name="ZOrder">323</P>
          <P Name="Dst">238#in:1</P>
        </Branch>
        <Branch>
          <P Name="ZOrder">322</P>
          <P Name="Points">[0, 30]</P>
          <P Name="Dst">21#in:2</P>
        </Branch>
      </Branch>
    </Branch>
  </Line>
  <Line>
    <P Name="ZOrder">158</P>
    <P Name="Src">1#out:1</P>
    <P Name="Points">[26, 0]</P>
    <Branch>
      <P Name="ZOrder">171</P>
      <P Name="Points">[0, -114; -236, 0; 0, -86]</P>
      <P Name="Dst">239#in:1</P>
    </Branch>
    <Branch>
      <P Name="ZOrder">169</P>
      <P Name="Points">[0, 50]</P>
      <P Name="Dst">207#in:2</P>
    </Branch>
  </Line>
  <Line>
    <P Name="ZOrder">161</P>
    <P Name="Src">238#out:1</P>
    <P Name="Points">[12, 0]</P>
    <Branch>
      <P Name="ZOrder">321</P>
      <P Name="Points">[0, 10]</P>
      <P Name="Dst">21#in:1</P>
    </Branch>
    <Branch>
      <P Name="ZOrder">168</P>
      <P Name="Points">[0, -60; 201, 0; 0, -130]</P>
      <P Name="Dst">197#in:1</P>
    </Branch>
  </Line>
  <Line>
    <P Name="ZOrder">163</P>
    <P Name="Src">207#out:2</P>
    <P Name="Points">[50, 0; 0, -126; -364, 0; 0, 61; 6, 0]</P>
    <Branch>
      <P Name="ZOrder">339</P>
      <P Name="Points">[0, 160]</P>
      <P Name="Dst">517#in:1</P>
    </Branch>
    <Branch>
      <P Name="ZOrder">338</P>
      <P Name="Dst">1#in:1</P>
    </Branch>
  </Line>
  <Line>
    <P Name="ZOrder">172</P>
    <P Name="Src">239#out:1</P>
    <P Name="Dst">197#in:2</P>
  </Line>
  <Line>
    <P Name="ZOrder">181</P>
    <P Name="Src">241#out:1</P>
    <P Name="Dst">158#in:2</P>
  </Line>
  <Line>
    <P Name="ZOrder">184</P>
    <P Name="Src">158#out:1</P>
    <P Name="Points">[-53, 0; 0, 20]</P>
    <Branch>
      <P Name="ZOrder">333</P>
      <P Name="Points">[-351, 0]</P>
      <Branch>
        <P Name="ZOrder">342</P>
        <P Name="Points">[0, 290]</P>
        <P Name="Dst">516#in:2</P>
      </Branch>
      <Branch>
        <P Name="ZOrder">341</P>
        <P Name="Points">[-15, 0; 0, -115]</P>
        <P Name="Dst">513#in:1</P>
      </Branch>
    </Branch>
    <Branch>
      <P Name="ZOrder">332</P>
      <P Name="Points">[0, 165]</P>
      <P Name="Dst">155#in:2</P>
    </Branch>
  </Line>
  <Line>
    <P Name="ZOrder">213</P>
    <P Name="Src">207#out:1</P>
    <P Name="Points">[5, 0]</P>
    <Branch>
      <P Name="ZOrder">336</P>
      <P Name="Dst">294#in:2</P>
    </Branch>
    <Branch>
      <P Name="ZOrder">326</P>
      <P Name="Points">[0, -275]</P>
      <P Name="Dst">490#in:1</P>
    </Branch>
  </Line>
  <Line>
    <P Name="ZOrder">214</P>
    <P Name="Src">294#out:1</P>
    <P Name="Dst">155#in:1</P>
  </Line>
  <Line>
    <P Name="ZOrder">324</P>
    <P Name="Src">490#out:2</P>
    <P Name="Points">[19, 0; 0, 88; -44, 0]</P>
    <P Name="Dst">294#in:1</P>
  </Line>
  <Line>
    <P Name="ZOrder">334</P>
    <P Name="Src">513#out:1</P>
    <P Name="Dst">490#in:2</P>
  </Line>
  <Line>
    <P Name="ZOrder">340</P>
    <P Name="Src">517#out:1</P>
    <P Name="Points">[31, 0; 0, -5]</P>
    <P Name="Dst">516#in:1</P>
  </Line>
</System>
