<?xml version="1.0" encoding="utf-8"?>
<System>
  <P Name="Location">[72, 27, 1920, 1080]</P>
  <P Name="SetExecutionDomain">off</P>
  <P Name="ExecutionDomainType">Deduce</P>
  <P Name="ZoomFactor">136</P>
  <P Name="SimulinkSubDomain">Simulink</P>
  <Block BlockType="Inport" Name="tau_cm" SID="106">
    <P Name="Position">[220, 438, 250, 452]</P>
    <P Name="ZOrder">1629</P>
  </Block>
  <Block BlockType="Inport" Name="hm_start" SID="107">
    <P Name="Position">[290, 128, 320, 142]</P>
    <P Name="ZOrder">1630</P>
    <P Name="Port">2</P>
  </Block>
  <Block BlockType="Gain" Name="Gain" SID="4">
    <P Name="Position">[730, 107, 785, 163]</P>
    <P Name="ZOrder">1615</P>
    <P Name="BlockMirror">on</P>
    <P Name="Gain">lArm_m</P>
  </Block>
  <Block BlockType="Gain" Name="Gain1" SID="5">
    <P Name="Position">[380, 420, 445, 470]</P>
    <P Name="ZOrder">1609</P>
    <P Name="Gain">Kt2c_m</P>
  </Block>
  <Block BlockType="Gain" Name="Gain2" SID="6">
    <P Name="Position">[700, 420, 765, 470]</P>
    <P Name="ZOrder">1611</P>
    <P Name="Gain">Kc2v_m</P>
  </Block>
  <Block BlockType="Gain" Name="Gain3" SID="7">
    <P Name="Position">[640, 104, 705, 166]</P>
    <P Name="ZOrder">1616</P>
    <P Name="BlockMirror">on</P>
    <P Name="Gain">Kt2c_m</P>
  </Block>
  <Block BlockType="Gain" Name="Gain4" SID="8">
    <P Name="Position">[380, 107, 435, 163]</P>
    <P Name="ZOrder">1618</P>
    <P Name="Gain">lArm_m</P>
  </Block>
  <Block BlockType="Gain" Name="Gain5" SID="9">
    <P Name="Position">[495, 104, 560, 166]</P>
    <P Name="ZOrder">1619</P>
    <P Name="Gain">Kt2c_m</P>
  </Block>
  <Block BlockType="Gain" Name="Gain6" SID="10">
    <P Name="Position">[645, 204, 710, 266]</P>
    <P Name="ZOrder">1621</P>
    <P Name="Gain">1/Kt2c_m</P>
  </Block>
  <Block BlockType="Gain" Name="Gain7" SID="11">
    <P Name="Position">[645, 299, 710, 361]</P>
    <P Name="ZOrder">1622</P>
    <P Name="Gain">1/Kt2c_m</P>
  </Block>
  <Block BlockType="SubSystem" Name="Operator&#xA;(arm)" SID="13">
    <P Name="Ports">[1, 1]</P>
    <P Name="Position">[820, 113, 925, 157]</P>
    <P Name="ZOrder">1614</P>
    <P Name="BlockMirror">on</P>
    <P Name="RequestExecContextInheritance">off</P>
    <System Ref="system_13"/>
  </Block>
  <Block BlockType="Saturate" Name="Saturation" SID="43">
    <P Name="Position">[495, 430, 525, 460]</P>
    <P Name="ZOrder">1608</P>
    <P Name="UpperLimit">maxCurrent_m</P>
    <P Name="LowerLimit">-maxCurrent_m</P>
  </Block>
  <Block BlockType="Sum" Name="Sum1" SID="52">
    <P Name="Ports">[2, 1]</P>
    <P Name="Position">[600, 125, 620, 145]</P>
    <P Name="ZOrder">1620</P>
    <P Name="BlockRotation">270</P>
    <P Name="BlockMirror">on</P>
    <P Name="NameLocation">left</P>
    <P Name="ShowName">off</P>
    <P Name="Inputs">-+</P>
  </Block>
  <Block BlockType="Sum" Name="Sum2" SID="53">
    <P Name="Ports">[2, 1]</P>
    <P Name="Position">[600, 435, 620, 455]</P>
    <P Name="ZOrder">1612</P>
    <P Name="ShowName">off</P>
    <P Name="Inputs">-+|</P>
  </Block>
  <Block BlockType="ToWorkspace" Name="To Workspace1" SID="54">
    <P Name="Ports">[1]</P>
    <P Name="Position">[985, 240, 1075, 270]</P>
    <P Name="ZOrder">1604</P>
    <P Name="VariableName">velocity1</P>
    <P Name="MaxDataPoints">inf</P>
    <P Name="SaveFormat">Timeseries</P>
    <P Name="FixptAsFi">on</P>
    <P Name="SampleTime">-1</P>
  </Block>
  <Block BlockType="Scope" Name="check sat&#xA;current" SID="55">
    <P Name="Ports">[2]</P>
    <P Name="Position">[715, 496, 745, 529]</P>
    <P Name="ZOrder">1610</P>
    <P Name="ScopeSpecificationString">Simulink.scopes.TimeScopeBlockCfg(&apos;CurrentConfiguration&apos;, extmgr.ConfigurationSet(extmgr.Configuration(&apos;Core&apos;,&apos;General UI&apos;,true),extmgr.Configuration(&apos;Core&apos;,&apos;Source UI&apos;,true),extmgr.Configuration(&apos;Sources&apos;,&apos;WiredSimulink&apos;,true,&apos;DataLoggingVariableName&apos;,&apos;ScopeData1&apos;),extmgr.Configuration(&apos;Visuals&apos;,&apos;Time Domain&apos;,true,&apos;SerializedDisplays&apos;,{struct(&apos;MinYLimReal&apos;,&apos;-0.01258&apos;,&apos;MaxYLimReal&apos;,&apos;0.00243&apos;,&apos;YLabelReal&apos;,&apos;&apos;,&apos;MinYLimMag&apos;,&apos;0.00000&apos;,&apos;MaxYLimMag&apos;,&apos;0.01258&apos;,&apos;LegendVisibility&apos;,&apos;off&apos;,&apos;XGrid&apos;,true,&apos;YGrid&apos;,true,&apos;PlotMagPhase&apos;,false,&apos;AxesColor&apos;,[0 0 0],&apos;AxesTickColor&apos;,[0.686274509803922 0.686274509803922 0.686274509803922],&apos;ColorOrder&apos;,[1 1 0.0666666666666667;0.0745098039215686 0.623529411764706 1;1 0.411764705882353 0.16078431372549;0.392156862745098 0.831372549019608 0.0745098039215686;0.717647058823529 0.274509803921569 1;0.0588235294117647 1 1;1 0.0745098039215686 0.650980392156863],&apos;Title&apos;,&apos;%&lt;SignalLabel&gt;&apos;,&apos;LinePropertiesCache&apos;,{{struct(&apos;Marker&apos;,&apos;o&apos;,&apos;MarkerSize&apos;,8)}},&apos;UserDefinedChannelNames&apos;,{{}},&apos;NumLines&apos;,2,&apos;LineNames&apos;,{{&apos;Saturation&apos;,&apos;Gain1&apos;}},&apos;ShowContent&apos;,true,&apos;Placement&apos;,1)},&apos;DisplayPropertyDefaults&apos;,struct(&apos;MinYLimReal&apos;,&apos;-0.01258&apos;,&apos;MaxYLimReal&apos;,&apos;0.00243&apos;,&apos;YLabelReal&apos;,&apos;&apos;,&apos;MinYLimMag&apos;,&apos;0.00000&apos;,&apos;MaxYLimMag&apos;,&apos;0.01258&apos;,&apos;LegendVisibility&apos;,&apos;off&apos;,&apos;XGrid&apos;,true,&apos;YGrid&apos;,true,&apos;PlotMagPhase&apos;,false,&apos;AxesColor&apos;,[0 0 0],&apos;AxesTickColor&apos;,[0.686274509803922 0.686274509803922 0.686274509803922],&apos;ColorOrder&apos;,[0.0745098039215686 0.623529411764706 1;1 0.411764705882353 0.16078431372549;1 1 0.0666666666666667;0.717647058823529 0.274509803921569 1;0.392156862745098 0.831372549019608 0.0745098039215686;0.0588235294117647 1 1;1 0.0745098039215686 0.650980392156863])),extmgr.Configuration(&apos;Tools&apos;,&apos;Plot Navigation&apos;,true,&apos;OnceAtStop&apos;,false,&apos;PreviousAutoscale&apos;,&apos;XY&apos;),extmgr.Configuration(&apos;Tools&apos;,&apos;Measurements&apos;,true,&apos;Version&apos;,&apos;2020a&apos;)),&apos;Version&apos;,&apos;2020a&apos;,&apos;Position&apos;,[81 63 590 321])</P>
    <P Name="NumInputPorts">2</P>
    <P Name="Floating">off</P>
  </Block>
  <Block BlockType="Scope" Name="torque&#xA;operator / command" SID="56">
    <P Name="Ports">[2]</P>
    <P Name="Position">[795, 276, 825, 309]</P>
    <P Name="ZOrder">1606</P>
    <P Name="ScopeSpecificationString">Simulink.scopes.TimeScopeBlockCfg(&apos;CurrentConfiguration&apos;, extmgr.ConfigurationSet(extmgr.Configuration(&apos;Core&apos;,&apos;General UI&apos;,true),extmgr.Configuration(&apos;Core&apos;,&apos;Source UI&apos;,true),extmgr.Configuration(&apos;Sources&apos;,&apos;WiredSimulink&apos;,true,&apos;DataLoggingVariableName&apos;,&apos;ScopeData2&apos;),extmgr.Configuration(&apos;Visuals&apos;,&apos;Time Domain&apos;,true,&apos;SerializedDisplays&apos;,{struct(&apos;MinYLimReal&apos;,&apos;-2.30525&apos;,&apos;MaxYLimReal&apos;,&apos;1.90824&apos;,&apos;YLabelReal&apos;,&apos;&apos;,&apos;MinYLimMag&apos;,&apos;0.00000&apos;,&apos;MaxYLimMag&apos;,&apos;2.30525&apos;,&apos;LegendVisibility&apos;,&apos;On&apos;,&apos;XGrid&apos;,true,&apos;YGrid&apos;,true,&apos;PlotMagPhase&apos;,false,&apos;AxesColor&apos;,[0 0 0],&apos;AxesTickColor&apos;,[0.686274509803922 0.686274509803922 0.686274509803922],&apos;ColorOrder&apos;,[1 1 0.0666666666666667;0.0745098039215686 0.623529411764706 1;1 0.411764705882353 0.16078431372549;0.392156862745098 0.831372549019608 0.0745098039215686;0.717647058823529 0.274509803921569 1;0.0588235294117647 1 1;1 0.0745098039215686 0.650980392156863],&apos;Title&apos;,&apos;%&lt;SignalLabel&gt;&apos;,&apos;LinePropertiesCache&apos;,{{struct(&apos;Marker&apos;,&apos;o&apos;,&apos;MarkerSize&apos;,8)}},&apos;UserDefinedChannelNames&apos;,{{}},&apos;NumLines&apos;,2,&apos;LineNames&apos;,{{&apos;Gain6&apos;,&apos;Gain7&apos;}},&apos;ShowContent&apos;,true,&apos;Placement&apos;,1)},&apos;DisplayPropertyDefaults&apos;,struct(&apos;MinYLimReal&apos;,&apos;-2.30525&apos;,&apos;MaxYLimReal&apos;,&apos;1.90824&apos;,&apos;YLabelReal&apos;,&apos;&apos;,&apos;MinYLimMag&apos;,&apos;0.00000&apos;,&apos;MaxYLimMag&apos;,&apos;2.30525&apos;,&apos;LegendVisibility&apos;,&apos;On&apos;,&apos;XGrid&apos;,true,&apos;YGrid&apos;,true,&apos;PlotMagPhase&apos;,false,&apos;AxesColor&apos;,[0 0 0],&apos;AxesTickColor&apos;,[0.686274509803922 0.686274509803922 0.686274509803922],&apos;ColorOrder&apos;,[0.0745098039215686 0.623529411764706 1;1 0.411764705882353 0.16078431372549;1 1 0.0666666666666667;0.717647058823529 0.274509803921569 1;0.392156862745098 0.831372549019608 0.0745098039215686;0.0588235294117647 1 1;1 0.0745098039215686 0.650980392156863])),extmgr.Configuration(&apos;Tools&apos;,&apos;Plot Navigation&apos;,true,&apos;OnceAtStop&apos;,false,&apos;PreviousAutoscale&apos;,&apos;XY&apos;),extmgr.Configuration(&apos;Tools&apos;,&apos;Measurements&apos;,true,&apos;Version&apos;,&apos;2020a&apos;)),&apos;Version&apos;,&apos;2020a&apos;,&apos;Position&apos;,[1047 33 580 383])</P>
    <P Name="NumInputPorts">2</P>
    <P Name="Floating">off</P>
  </Block>
  <Block BlockType="TransferFcn" Name="voltage-&gt;velocity" SID="57">
    <P Name="Position">[800, 407, 930, 483]</P>
    <P Name="ZOrder">1607</P>
    <P Name="Numerator">[k_m]</P>
    <P Name="Denominator">[tau_m 1]</P>
  </Block>
  <Block BlockType="Outport" Name="qm_dot" SID="58">
    <P Name="Position">[1100, 438, 1130, 452]</P>
    <P Name="ZOrder">1628</P>
  </Block>
  <Line>
    <P Name="ZOrder">1</P>
    <P Name="Src">11#out:1</P>
    <P Name="Points">[29, 0; 0, -30]</P>
    <P Name="Dst">56#in:2</P>
  </Line>
  <Line>
    <P Name="ZOrder">4</P>
    <P Name="Src">7#out:1</P>
    <P Name="Dst">52#in:2</P>
  </Line>
  <Line>
    <P Name="ZOrder">5</P>
    <P Name="Src">13#out:1</P>
    <P Name="Dst">4#in:1</P>
  </Line>
  <Line>
    <P Name="ZOrder">20</P>
    <P Name="Src">57#out:1</P>
    <P Name="Points">[20, 0]</P>
    <Branch>
      <P Name="ZOrder">49</P>
      <P Name="Dst">58#in:1</P>
    </Branch>
    <Branch>
      <P Name="ZOrder">21</P>
      <P Name="Points">[0, -190]</P>
      <Branch>
        <P Name="ZOrder">22</P>
        <P Name="Points">[0, -120]</P>
        <P Name="Dst">13#in:1</P>
      </Branch>
      <Branch>
        <P Name="ZOrder">23</P>
        <P Name="Dst">54#in:1</P>
      </Branch>
    </Branch>
  </Line>
  <Line>
    <P Name="ZOrder">15</P>
    <P Name="Src">8#out:1</P>
    <P Name="Dst">9#in:1</P>
  </Line>
  <Line>
    <P Name="ZOrder">16</P>
    <P Name="Src">6#out:1</P>
    <P Name="Dst">57#in:1</P>
  </Line>
  <Line>
    <P Name="ZOrder">18</P>
    <P Name="Src">4#out:1</P>
    <P Name="Dst">7#in:1</P>
  </Line>
  <Line>
    <P Name="ZOrder">19</P>
    <P Name="Src">10#out:1</P>
    <P Name="Points">[29, 0; 0, 50]</P>
    <P Name="Dst">56#in:1</P>
  </Line>
  <Line>
    <P Name="ZOrder">28</P>
    <P Name="Src">9#out:1</P>
    <P Name="Dst">52#in:1</P>
  </Line>
  <Line>
    <P Name="ZOrder">29</P>
    <P Name="Src">43#out:1</P>
    <P Name="Points">[21, 0]</P>
    <Branch>
      <P Name="ZOrder">30</P>
      <P Name="Points">[0, -115]</P>
      <P Name="Dst">11#in:1</P>
    </Branch>
    <Branch>
      <P Name="ZOrder">31</P>
      <P Name="Dst">53#in:2</P>
    </Branch>
    <Branch>
      <P Name="ZOrder">32</P>
      <P Name="Points">[0, 60]</P>
      <P Name="Dst">55#in:1</P>
    </Branch>
  </Line>
  <Line>
    <P Name="ZOrder">34</P>
    <P Name="Src">52#out:1</P>
    <P Name="Points">[0, 85]</P>
    <Branch>
      <P Name="ZOrder">47</P>
      <P Name="Dst">53#in:1</P>
    </Branch>
    <Branch>
      <P Name="ZOrder">36</P>
      <P Name="Dst">10#in:1</P>
    </Branch>
  </Line>
  <Line>
    <P Name="ZOrder">37</P>
    <P Name="Src">53#out:1</P>
    <P Name="Dst">6#in:1</P>
  </Line>
  <Line>
    <P Name="ZOrder">38</P>
    <P Name="Src">5#out:1</P>
    <P Name="Points">[13, 0]</P>
    <Branch>
      <P Name="ZOrder">39</P>
      <P Name="Points">[0, 75]</P>
      <P Name="Dst">55#in:2</P>
    </Branch>
    <Branch>
      <P Name="ZOrder">40</P>
      <P Name="Dst">43#in:1</P>
    </Branch>
  </Line>
  <Line>
    <P Name="ZOrder">48</P>
    <P Name="Src">106#out:1</P>
    <P Name="Dst">5#in:1</P>
  </Line>
  <Line>
    <P Name="ZOrder">50</P>
    <P Name="Src">107#out:1</P>
    <P Name="Dst">8#in:1</P>
  </Line>
</System>
