<?xml version="1.0" encoding="utf-8"?>
<System>
  <P Name="Location">[72, 27, 1920, 1080]</P>
  <P Name="SetExecutionDomain">off</P>
  <P Name="ExecutionDomainType">Deduce</P>
  <P Name="SimulinkSubDomain">Simulink</P>
  <Block BlockType="Inport" Name="qs" SID="22">
    <P Name="Position">[-155, 243, -125, 257]</P>
    <P Name="ZOrder">770</P>
  </Block>
  <Block BlockType="Inport" Name="qsdot" SID="23">
    <P Name="Position">[-155, 98, -125, 112]</P>
    <P Name="ZOrder">771</P>
    <P Name="Port">2</P>
  </Block>
  <Block BlockType="Inport" Name="qm_ref" SID="24">
    <P Name="Position">[-155, 158, -125, 172]</P>
    <P Name="ZOrder">772</P>
    <P Name="Port">3</P>
  </Block>
  <Block BlockType="Inport" Name="qmdot_ref" SID="25">
    <P Name="Position">[-155, 28, -125, 42]</P>
    <P Name="ZOrder">1557</P>
    <P Name="Port">4</P>
  </Block>
  <Block BlockType="Gain" Name="Gain3" SID="26">
    <P Name="Position">[50, 192, 110, 228]</P>
    <P Name="ZOrder">775</P>
    <P Name="Gain">Kp_h</P>
  </Block>
  <Block BlockType="Gain" Name="Gain4" SID="27">
    <P Name="Position">[50, 52, 110, 88]</P>
    <P Name="ZOrder">778</P>
    <P Name="Gain">Kd_h</P>
  </Block>
  <Block BlockType="Sum" Name="Sum1" SID="28">
    <P Name="Ports">[2, 1]</P>
    <P Name="Position">[-60, 200, -40, 220]</P>
    <P Name="ZOrder">774</P>
    <P Name="ShowName">off</P>
    <P Name="Inputs">+|-</P>
  </Block>
  <Block BlockType="Sum" Name="Sum2" SID="29">
    <P Name="Ports">[2, 1]</P>
    <P Name="Position">[-60, 60, -40, 80]</P>
    <P Name="ZOrder">777</P>
    <P Name="ShowName">off</P>
    <P Name="Inputs">+|-</P>
  </Block>
  <Block BlockType="Sum" Name="Sum3" SID="30">
    <P Name="Ports">[2, 1]</P>
    <P Name="Position">[305, 130, 325, 150]</P>
    <P Name="ZOrder">779</P>
    <P Name="ShowName">off</P>
    <P Name="Inputs">+|+</P>
  </Block>
  <Block BlockType="Outport" Name="hm_star" SID="31">
    <P Name="Position">[415, 133, 445, 147]</P>
    <P Name="ZOrder">769</P>
    <P Name="VectorParamsAs1DForOutWhenUnconnected">off</P>
  </Block>
  <Line>
    <P Name="ZOrder">1</P>
    <P Name="Src">22#out:1</P>
    <P Name="Points">[70, 0]</P>
    <P Name="Dst">28#in:2</P>
  </Line>
  <Line>
    <P Name="ZOrder">2</P>
    <P Name="Src">24#out:1</P>
    <P Name="Points">[70, 0]</P>
    <P Name="Dst">28#in:1</P>
  </Line>
  <Line>
    <P Name="ZOrder">3</P>
    <P Name="Src">25#out:1</P>
    <P Name="Points">[70, 0]</P>
    <P Name="Dst">29#in:1</P>
  </Line>
  <Line>
    <P Name="ZOrder">4</P>
    <P Name="Src">28#out:1</P>
    <P Name="Dst">26#in:1</P>
  </Line>
  <Line>
    <P Name="ZOrder">5</P>
    <P Name="Src">23#out:1</P>
    <P Name="Points">[70, 0]</P>
    <P Name="Dst">29#in:2</P>
  </Line>
  <Line>
    <P Name="ZOrder">6</P>
    <P Name="Src">29#out:1</P>
    <P Name="Dst">27#in:1</P>
  </Line>
  <Line>
    <P Name="ZOrder">7</P>
    <P Name="Src">27#out:1</P>
    <P Name="Points">[200, 0]</P>
    <P Name="Dst">30#in:1</P>
  </Line>
  <Line>
    <P Name="ZOrder">8</P>
    <P Name="Src">26#out:1</P>
    <P Name="Points">[200, 0]</P>
    <P Name="Dst">30#in:2</P>
  </Line>
  <Line>
    <P Name="ZOrder">9</P>
    <P Name="Src">30#out:1</P>
    <P Name="Dst">31#in:1</P>
  </Line>
</System>
