<?xml version="1.0" encoding="utf-8"?>
<System>
  <P Name="Location">[72, 27, 1920, 1080]</P>
  <P Name="SetExecutionDomain">off</P>
  <P Name="ExecutionDomainType">Deduce</P>
  <P Name="ZoomFactor">150</P>
  <P Name="SimulinkSubDomain">Simulink</P>
  <Block BlockType="Inport" Name="tau_d" SID="491">
    <P Name="Position">[100, 308, 130, 322]</P>
    <P Name="ZOrder">3349</P>
  </Block>
  <Block BlockType="Inport" Name="tau_e" SID="492">
    <P Name="Position">[980, 458, 1010, 472]</P>
    <P Name="ZOrder">3354</P>
    <P Name="BlockMirror">on</P>
    <P Name="Port">2</P>
  </Block>
  <Block BlockType="Gain" Name="Gain" SID="493">
    <P Name="Position">[302, 200, 358, 245]</P>
    <P Name="ZOrder">3343</P>
    <P Name="BlockRotation">270</P>
    <P Name="BlockMirror">on</P>
    <P Name="NameLocation">left</P>
    <P Name="Gain">Kv_fc</P>
  </Block>
  <Block BlockType="Gain" Name="Gain2" SID="495">
    <P Name="Position">[95, 437, 140, 493]</P>
    <P Name="ZOrder">3348</P>
    <P Name="BlockMirror">on</P>
    <P Name="Gain">Kv_fc</P>
  </Block>
  <Block BlockType="Integrator" Name="Integrator" SID="496">
    <P Name="Ports">[1, 1]</P>
    <P Name="Position">[970, 300, 1000, 330]</P>
    <P Name="ZOrder">3357</P>
  </Block>
  <Block BlockType="TransferFcn" Name="M1" SID="497">
    <P Name="Position">[645, 110, 780, 160]</P>
    <P Name="ZOrder">3340</P>
    <P Name="BlockMirror">on</P>
    <P Name="NameLocation">top</P>
    <P Name="Denominator">[J_r 0]</P>
  </Block>
  <Block BlockType="TransferFcn" Name="M11" SID="498">
    <P Name="Position">[473, 45, 607, 85]</P>
    <P Name="ZOrder">3339</P>
    <P Name="BlockRotation">270</P>
    <P Name="BlockMirror">on</P>
    <P Name="NameLocation">left</P>
    <P Name="Denominator">[J_r 0]</P>
  </Block>
  <Block BlockType="TransferFcn" Name="R11" SID="499">
    <P Name="Position">[486, 370, 574, 410]</P>
    <P Name="ZOrder">3338</P>
    <P Name="BlockRotation">270</P>
    <P Name="BlockMirror">on</P>
    <P Name="NameLocation">left</P>
    <P Name="Denominator">[J B]</P>
  </Block>
  <Block BlockType="TransferFcn" Name="R12" SID="500">
    <P Name="Position">[645, 446, 735, 484]</P>
    <P Name="ZOrder">3336</P>
    <P Name="BlockMirror">on</P>
    <P Name="NameLocation">top</P>
    <P Name="Denominator">[J B]</P>
  </Block>
  <Block BlockType="TransferFcn" Name="R21" SID="501">
    <P Name="Position">[645, 294, 740, 336]</P>
    <P Name="ZOrder">3332</P>
    <P Name="Denominator">[J B]</P>
  </Block>
  <Block BlockType="TransferFcn" Name="R22" SID="502">
    <P Name="Position">[804, 375, 906, 410]</P>
    <P Name="ZOrder">3333</P>
    <P Name="BlockRotation">270</P>
    <P Name="NameLocation">right</P>
    <P Name="Denominator">[J B]</P>
  </Block>
  <Block BlockType="Sum" Name="Sum" SID="503">
    <P Name="Ports">[2, 1]</P>
    <P Name="Position">[845, 305, 865, 325]</P>
    <P Name="ZOrder">3335</P>
    <P Name="Inputs">|+-</P>
  </Block>
  <Block BlockType="Sum" Name="Sum1" SID="504">
    <P Name="Ports">[2, 1]</P>
    <P Name="Position">[520, 455, 540, 475]</P>
    <P Name="ZOrder">3337</P>
    <P Name="BlockMirror">on</P>
    <P Name="Inputs">+-|</P>
  </Block>
  <Block BlockType="Sum" Name="Sum2" SID="505">
    <P Name="Ports">[2, 1]</P>
    <P Name="Position">[530, 125, 550, 145]</P>
    <P Name="ZOrder">3341</P>
    <P Name="BlockMirror">on</P>
    <P Name="Inputs">+-|</P>
  </Block>
  <Block BlockType="Sum" Name="Sum3" SID="506">
    <P Name="Ports">[2, 1]</P>
    <P Name="Position">[315, 120, 345, 150]</P>
    <P Name="ZOrder">3342</P>
    <P Name="BlockRotation">270</P>
    <P Name="BlockMirror">on</P>
    <P Name="NameLocation">right</P>
    <P Name="Inputs">-|+</P>
  </Block>
  <Block BlockType="Sum" Name="Sum4" SID="507">
    <P Name="Ports">[2, 1]</P>
    <P Name="Position">[320, 305, 340, 325]</P>
    <P Name="ZOrder">3344</P>
    <P Name="NameLocation">top</P>
    <P Name="Inputs">++|</P>
  </Block>
  <Block BlockType="Outport" Name="xe" SID="509">
    <P Name="Position">[1035, 308, 1065, 322]</P>
    <P Name="ZOrder">3356</P>
  </Block>
  <Block BlockType="Outport" Name="tau_c" SID="508">
    <P Name="Position">[30, 458, 60, 472]</P>
    <P Name="ZOrder">3350</P>
    <P Name="BlockMirror">on</P>
    <P Name="Port">2</P>
  </Block>
  <Line>
    <P Name="ZOrder">1</P>
    <P Name="Src">497#out:1</P>
    <P Name="Dst">505#in:2</P>
  </Line>
  <Line>
    <P Name="ZOrder">2</P>
    <P Name="Src">498#out:1</P>
    <P Name="Dst">505#in:1</P>
  </Line>
  <Line>
    <P Name="ZOrder">3</P>
    <P Name="Src">501#out:1</P>
    <P Name="Dst">503#in:1</P>
  </Line>
  <Line>
    <P Name="ZOrder">4</P>
    <P Name="Src">507#out:1</P>
    <P Name="Points">[185, 0]</P>
    <Branch>
      <P Name="ZOrder">5</P>
      <P Name="Dst">499#in:1</P>
    </Branch>
    <Branch>
      <P Name="ZOrder">6</P>
      <P Name="Dst">501#in:1</P>
    </Branch>
  </Line>
  <Line>
    <P Name="ZOrder">7</P>
    <P Name="Src">499#out:1</P>
    <P Name="Dst">504#in:1</P>
  </Line>
  <Line>
    <P Name="ZOrder">8</P>
    <P Name="Src">500#out:1</P>
    <P Name="Dst">504#in:2</P>
  </Line>
  <Line>
    <P Name="ZOrder">9</P>
    <P Name="Src">505#out:1</P>
    <P Name="Dst">506#in:2</P>
  </Line>
  <Line>
    <P Name="ZOrder">10</P>
    <P Name="Src">502#out:1</P>
    <P Name="Dst">503#in:2</P>
  </Line>
  <Line>
    <P Name="ZOrder">11</P>
    <P Name="Src">492#out:1</P>
    <P Name="Points">[-27, 0]</P>
    <Branch>
      <P Name="ZOrder">12</P>
      <P Name="Points">[-93, 0]</P>
      <Branch>
        <P Name="ZOrder">13</P>
        <P Name="Dst">500#in:1</P>
      </Branch>
      <Branch>
        <P Name="ZOrder">14</P>
        <P Name="Dst">502#in:1</P>
      </Branch>
    </Branch>
    <Branch>
      <P Name="ZOrder">15</P>
      <P Name="Points">[0, -330]</P>
      <P Name="Dst">497#in:1</P>
    </Branch>
  </Line>
  <Line>
    <P Name="ZOrder">16</P>
    <P Name="Src">506#out:1</P>
    <P Name="Dst">493#in:1</P>
  </Line>
  <Line>
    <P Name="ZOrder">17</P>
    <P Name="Src">493#out:1</P>
    <P Name="Dst">507#in:1</P>
  </Line>
  <Line>
    <P Name="ZOrder">18</P>
    <P Name="Src">491#out:1</P>
    <P Name="Points">[45, 0]</P>
    <Branch>
      <P Name="ZOrder">19</P>
      <P Name="Points">[0, -294; 360, 0]</P>
      <P Name="Dst">498#in:1</P>
    </Branch>
    <Branch>
      <P Name="ZOrder">20</P>
      <P Name="Dst">507#in:2</P>
    </Branch>
  </Line>
  <Line>
    <P Name="ZOrder">21</P>
    <P Name="Src">504#out:1</P>
    <P Name="Points">[-310, 0]</P>
    <Branch>
      <P Name="ZOrder">22</P>
      <P Name="Points">[0, -330]</P>
      <P Name="Dst">506#in:1</P>
    </Branch>
    <Branch>
      <P Name="ZOrder">23</P>
      <P Name="Dst">495#in:1</P>
    </Branch>
  </Line>
  <Line>
    <P Name="ZOrder">24</P>
    <P Name="Src">503#out:1</P>
    <P Name="Dst">496#in:1</P>
  </Line>
  <Line>
    <P Name="ZOrder">26</P>
    <P Name="Src">496#out:1</P>
    <P Name="Dst">509#in:1</P>
  </Line>
  <Line>
    <P Name="ZOrder">28</P>
    <P Name="Src">495#out:1</P>
    <P Name="Dst">508#in:1</P>
  </Line>
  <Annotation SID="512">
    <P Name="Name">&lt;!DOCTYPE HTML PUBLIC &quot;-//W3C//DTD HTML 4.0//EN&quot; &quot;http://www.w3.org/TR/REC-html40/strict.dtd&quot;&gt;
&lt;html&gt;&lt;head&gt;&lt;meta name=&quot;qrichtext&quot; content=&quot;1&quot; /&gt;&lt;style type=&quot;text/css&quot;&gt;
p, li { white-space: pre-wrap; }
&lt;/style&gt;&lt;/head&gt;&lt;body align=&quot;left&quot; style=&quot; font-family:&apos;Helvetica&apos;; font-size:10px; font-weight:400; font-style:normal;&quot;&gt;
&lt;p align=&quot;left&quot; style=&quot; margin-top:0px; margin-bottom:0px; margin-left:0px; margin-right:0px; -qt-block-indent:0; text-indent:0px;&quot;&gt;&lt;span style=&quot; font-size:10px;&quot;&gt;xe_dot&lt;/span&gt;&lt;/p&gt;&lt;/body&gt;&lt;/html&gt;</P>
    <P Name="Position">[874, 300, 905, 315]</P>
    <P Name="InternalMargins">[0, 0, 0, 0]</P>
    <P Name="Interpreter">rich</P>
    <P Name="ZOrder">-1</P>
  </Annotation>
  <Annotation SID="511">
    <P Name="Name">tau_a</P>
    <P Name="Position">[349, 292, 375, 307]</P>
    <P Name="InternalMargins">[0, 0, 0, 0]</P>
    <P Name="ZOrder">-2</P>
  </Annotation>
  <Annotation SID="510">
    <P Name="Name">Fd</P>
    <P Name="Position">[146, 292, 159, 307]</P>
    <P Name="InternalMargins">[0, 0, 0, 0]</P>
    <P Name="ZOrder">-3</P>
  </Annotation>
</System>
