<?xml version="1.0" encoding="utf-8"?>
<System>
  <P Name="Location">[72, 27, 1920, 1080]</P>
  <P Name="SetExecutionDomain">off</P>
  <P Name="ExecutionDomainType">Deduce</P>
  <P Name="ZoomFactor">300</P>
  <P Name="SimulinkSubDomain">Simulink</P>
  <Block BlockType="Inport" Name="xsdot" SID="208">
    <P Name="Position">[-10, 68, 20, 82]</P>
    <P Name="ZOrder">1670</P>
  </Block>
  <Block BlockType="Inport" Name="xmdot" SID="209">
    <P Name="Position">[-10, 148, 20, 162]</P>
    <P Name="ZOrder">1671</P>
    <P Name="Port">2</P>
  </Block>
  <Block BlockType="Integrator" Name="Integrator" SID="212">
    <P Name="Ports">[1, 1]</P>
    <P Name="Position">[95, 107, 110, 123]</P>
    <P Name="ZOrder">1665</P>
  </Block>
  <Block BlockType="Integrator" Name="Integrator1" SID="213">
    <P Name="Ports">[1, 1]</P>
    <P Name="Position">[95, 6, 115, 24]</P>
    <P Name="ZOrder">1666</P>
  </Block>
  <Block BlockType="SubSystem" Name="PD controller" SID="214">
    <P Name="Ports">[4, 1]</P>
    <P Name="Position">[245, 23, 320, 82]</P>
    <P Name="ZOrder">1664</P>
    <P Name="RequestExecContextInheritance">off</P>
    <P Name="ContentPreviewEnabled">on</P>
    <System Ref="system_214"/>
  </Block>
  <Block BlockType="SubSystem" Name="PD controller1" SID="225">
    <P Name="Ports">[4, 1]</P>
    <P Name="Position">[245, 118, 320, 177]</P>
    <P Name="ZOrder">1668</P>
    <P Name="RequestExecContextInheritance">off</P>
    <P Name="ContentPreviewEnabled">on</P>
    <System Ref="system_225"/>
  </Block>
  <Block BlockType="Outport" Name="tau_cs" SID="236">
    <P Name="Position">[455, 143, 485, 157]</P>
    <P Name="ZOrder">1672</P>
  </Block>
  <Block BlockType="Outport" Name="tau_cm" SID="237">
    <P Name="Position">[455, 48, 485, 62]</P>
    <P Name="ZOrder">1673</P>
    <P Name="Port">2</P>
  </Block>
  <Line>
    <P Name="ZOrder">1</P>
    <P Name="Src">212#out:1</P>
    <P Name="Points">[32, 0]</P>
    <Branch>
      <P Name="ZOrder">2</P>
      <P Name="Points">[0, 10]</P>
      <P Name="Dst">225#in:1</P>
    </Branch>
    <Branch>
      <P Name="ZOrder">3</P>
      <P Name="Points">[0, -55]</P>
      <P Name="Dst">214#in:3</P>
    </Branch>
  </Line>
  <Line>
    <P Name="ZOrder">4</P>
    <P Name="Src">213#out:1</P>
    <P Name="Points">[14, 0; 0, 15]</P>
    <Branch>
      <P Name="ZOrder">5</P>
      <P Name="Points">[0, 125]</P>
      <P Name="Dst">225#in:3</P>
    </Branch>
    <Branch>
      <P Name="ZOrder">6</P>
      <P Name="Dst">214#in:1</P>
    </Branch>
  </Line>
  <Line>
    <P Name="ZOrder">7</P>
    <P Name="Src">208#out:1</P>
    <P Name="Points">[65, 0]</P>
    <Branch>
      <P Name="ZOrder">8</P>
      <P Name="Points">[34, 0]</P>
      <Branch>
        <P Name="ZOrder">9</P>
        <P Name="Points">[0, 65]</P>
        <P Name="Dst">225#in:2</P>
      </Branch>
      <Branch>
        <P Name="ZOrder">10</P>
        <P Name="Dst">214#in:4</P>
      </Branch>
    </Branch>
    <Branch>
      <P Name="ZOrder">11</P>
      <P Name="Points">[0, 40]</P>
      <P Name="Dst">212#in:1</P>
    </Branch>
  </Line>
  <Line>
    <P Name="ZOrder">14</P>
    <P Name="Src">209#out:1</P>
    <P Name="Points">[44, 0]</P>
    <Branch>
      <P Name="ZOrder">15</P>
      <P Name="Points">[0, 15]</P>
      <P Name="Dst">225#in:4</P>
    </Branch>
    <Branch>
      <P Name="ZOrder">16</P>
      <P Name="Points">[2, 0; 0, -110]</P>
      <Branch>
        <P Name="ZOrder">17</P>
        <P Name="Dst">214#in:2</P>
      </Branch>
      <Branch>
        <P Name="ZOrder">18</P>
        <P Name="Points">[0, -30]</P>
        <P Name="Dst">213#in:1</P>
      </Branch>
    </Branch>
  </Line>
  <Line>
    <P Name="ZOrder">21</P>
    <P Name="Src">214#out:1</P>
    <P Name="Dst">237#in:1</P>
  </Line>
  <Line>
    <P Name="ZOrder">23</P>
    <P Name="Src">225#out:1</P>
    <P Name="Dst">236#in:1</P>
  </Line>
</System>
