<?xml version="1.0" encoding="utf-8"?>
<System>
  <P Name="Location">[223, 338, 826, 833]</P>
  <P Name="SetExecutionDomain">off</P>
  <P Name="ExecutionDomainType">Deduce</P>
  <P Name="SIDHighWatermark">44</P>
  <P Name="SimulinkSubDomain">Simulink</P>
  <Block BlockType="Inport" Name="Ke" SID="164::25">
    <P Name="Position">[20, 101, 40, 119]</P>
    <P Name="ZOrder">16</P>
  </Block>
  <Block BlockType="Inport" Name="Be" SID="164::26">
    <P Name="Position">[20, 136, 40, 154]</P>
    <P Name="ZOrder">17</P>
    <P Name="Port">2</P>
  </Block>
  <Block BlockType="Inport" Name="qe" SID="164::22">
    <P Name="Position">[20, 171, 40, 189]</P>
    <P Name="ZOrder">13</P>
    <P Name="Port">3</P>
  </Block>
  <Block BlockType="Inport" Name="qs" SID="164::1">
    <P Name="Position">[20, 206, 40, 224]</P>
    <P Name="ZOrder">-1</P>
    <P Name="Port">4</P>
  </Block>
  <Block BlockType="Inport" Name="qsdot" SID="164::23">
    <P Name="Position">[20, 246, 40, 264]</P>
    <P Name="ZOrder">14</P>
    <P Name="Port">5</P>
  </Block>
  <Block BlockType="Demux" Name=" Demux " SID="164::43">
    <P Name="Ports">[1, 1]</P>
    <P Name="Position">[270, 230, 320, 270]</P>
    <P Name="ZOrder">34</P>
    <P Name="Outputs">1</P>
  </Block>
  <Block BlockType="S-Function" Name=" SFunction " SID="164::42">
    <P Name="Tag">Stateflow S-Function 9</P>
    <P Name="Ports">[5, 2]</P>
    <P Name="Position">[180, 100, 230, 220]</P>
    <P Name="ZOrder">33</P>
    <P Name="FunctionName">sf_sfun</P>
    <P Name="PortCounts">[5 2]</P>
    <P Name="SFunctionDeploymentMode">off</P>
    <P Name="EnableBusSupport">on</P>
    <P Name="SFcnIsStateOwnerBlock">off</P>
    <Port>
      <P Name="PortNumber">2</P>
      <P Name="Name">fE</P>
    </Port>
  </Block>
  <Block BlockType="Terminator" Name=" Terminator " SID="164::44">
    <P Name="Position">[460, 241, 480, 259]</P>
    <P Name="ZOrder">35</P>
  </Block>
  <Block BlockType="Outport" Name="fE" SID="164::5">
    <P Name="Position">[460, 101, 480, 119]</P>
    <P Name="ZOrder">-5</P>
    <P Name="VectorParamsAs1DForOutWhenUnconnected">off</P>
  </Block>
  <Line>
    <P Name="ZOrder">1</P>
    <P Name="Src">164::25#out:1</P>
    <P Name="Dst">164::42#in:1</P>
  </Line>
  <Line>
    <P Name="ZOrder">2</P>
    <P Name="Src">164::26#out:1</P>
    <P Name="Dst">164::42#in:2</P>
  </Line>
  <Line>
    <P Name="ZOrder">3</P>
    <P Name="Src">164::22#out:1</P>
    <P Name="Dst">164::42#in:3</P>
  </Line>
  <Line>
    <P Name="ZOrder">4</P>
    <P Name="Src">164::1#out:1</P>
    <P Name="Dst">164::42#in:4</P>
  </Line>
  <Line>
    <P Name="ZOrder">5</P>
    <P Name="Src">164::23#out:1</P>
    <P Name="Dst">164::42#in:5</P>
  </Line>
  <Line>
    <P Name="Name">fE</P>
    <P Name="ZOrder">6</P>
    <P Name="Labels">[0, 0]</P>
    <P Name="Src">164::42#out:2</P>
    <P Name="Dst">164::5#in:1</P>
  </Line>
  <Line>
    <P Name="ZOrder">7</P>
    <P Name="Src">164::43#out:1</P>
    <P Name="Dst">164::44#in:1</P>
  </Line>
  <Line>
    <P Name="ZOrder">8</P>
    <P Name="Src">164::42#out:1</P>
    <P Name="Dst">164::43#in:1</P>
  </Line>
</System>
