<?xml version="1.0" encoding="utf-8"?>
<System>
  <P Name="Location">[72, 27, 1920, 1080]</P>
  <P Name="SetExecutionDomain">off</P>
  <P Name="ExecutionDomainType">Deduce</P>
  <P Name="ZoomFactor">429</P>
  <P Name="SimulinkSubDomain">Simulink</P>
  <Block BlockType="Inport" Name="x" SID="226">
    <P Name="Position">[390, 93, 420, 107]</P>
    <P Name="ZOrder">775</P>
    <P Name="BlockMirror">on</P>
  </Block>
  <Block BlockType="Inport" Name="dot_x" SID="227">
    <P Name="Position">[390, 163, 420, 177]</P>
    <P Name="ZOrder">776</P>
    <P Name="BlockMirror">on</P>
    <P Name="Port">2</P>
  </Block>
  <Block BlockType="Inport" Name="xd" SID="228">
    <P Name="Position">[390, 128, 420, 142]</P>
    <P Name="ZOrder">777</P>
    <P Name="BlockMirror">on</P>
    <P Name="Port">3</P>
  </Block>
  <Block BlockType="Inport" Name="dot_xd" SID="229">
    <P Name="Position">[390, 198, 420, 212]</P>
    <P Name="ZOrder">778</P>
    <P Name="BlockMirror">on</P>
    <P Name="Port">4</P>
  </Block>
  <Block BlockType="Gain" Name="D gain" SID="230">
    <P Name="Position">[180, 182, 235, 228]</P>
    <P Name="ZOrder">771</P>
    <P Name="BlockMirror">on</P>
    <P Name="Gain">Kd_s</P>
  </Block>
  <Block BlockType="Gain" Name="P gain" SID="231">
    <P Name="Position">[180, 112, 235, 158]</P>
    <P Name="ZOrder">770</P>
    <P Name="BlockMirror">on</P>
    <P Name="Gain">Kp_s</P>
  </Block>
  <Block BlockType="Sum" Name="Sum2" SID="232">
    <P Name="Ports">[2, 1]</P>
    <P Name="Position">[315, 125, 335, 145]</P>
    <P Name="ZOrder">772</P>
    <P Name="BlockMirror">on</P>
    <P Name="ShowName">off</P>
    <P Name="Inputs">-+|</P>
  </Block>
  <Block BlockType="Sum" Name="Sum3" SID="233">
    <P Name="Ports">[2, 1]</P>
    <P Name="Position">[315, 195, 335, 215]</P>
    <P Name="ZOrder">773</P>
    <P Name="BlockMirror">on</P>
    <P Name="ShowName">off</P>
    <P Name="Inputs">-+|</P>
  </Block>
  <Block BlockType="Sum" Name="Sum4" SID="234">
    <P Name="Ports">[2, 1]</P>
    <P Name="Position">[120, 160, 140, 180]</P>
    <P Name="ZOrder">774</P>
    <P Name="BlockMirror">on</P>
    <P Name="ShowName">off</P>
  </Block>
  <Block BlockType="Outport" Name="tau_c" SID="235">
    <P Name="Position">[20, 163, 50, 177]</P>
    <P Name="ZOrder">779</P>
    <P Name="BlockMirror">on</P>
    <P Name="VectorParamsAs1DForOutWhenUnconnected">off</P>
  </Block>
  <Line>
    <P Name="ZOrder">1</P>
    <P Name="Src">230#out:1</P>
    <P Name="Points">[-45, 0]</P>
    <P Name="Dst">234#in:2</P>
  </Line>
  <Line>
    <P Name="ZOrder">2</P>
    <P Name="Src">227#out:1</P>
    <P Name="Points">[-60, 0]</P>
    <P Name="Dst">233#in:1</P>
  </Line>
  <Line>
    <P Name="ZOrder">3</P>
    <P Name="Src">229#out:1</P>
    <P Name="Dst">233#in:2</P>
  </Line>
  <Line>
    <P Name="ZOrder">4</P>
    <P Name="Src">226#out:1</P>
    <P Name="Points">[-60, 0]</P>
    <P Name="Dst">232#in:1</P>
  </Line>
  <Line>
    <P Name="ZOrder">5</P>
    <P Name="Src">228#out:1</P>
    <P Name="Dst">232#in:2</P>
  </Line>
  <Line>
    <P Name="ZOrder">6</P>
    <P Name="Src">233#out:1</P>
    <P Name="Dst">230#in:1</P>
  </Line>
  <Line>
    <P Name="ZOrder">7</P>
    <P Name="Src">231#out:1</P>
    <P Name="Points">[-45, 0]</P>
    <P Name="Dst">234#in:1</P>
  </Line>
  <Line>
    <P Name="ZOrder">8</P>
    <P Name="Src">234#out:1</P>
    <P Name="Dst">235#in:1</P>
  </Line>
  <Line>
    <P Name="ZOrder">9</P>
    <P Name="Src">232#out:1</P>
    <P Name="Dst">231#in:1</P>
  </Line>
</System>
