<?xml version="1.0" encoding="utf-8"?>
<System>
  <P Name="Location">[72, 27, 1920, 1080]</P>
  <P Name="SetExecutionDomain">off</P>
  <P Name="ExecutionDomainType">Deduce</P>
  <P Name="ZoomFactor">300</P>
  <P Name="SimulinkSubDomain">Simulink</P>
  <Block BlockType="Derivative" Name="Derivative1" SID="45">
    <P Name="Position">[300, 95, 330, 125]</P>
    <P Name="ZOrder">1587</P>
    <P Name="CoefficientInTFapproximation">0.001</P>
    <Port>
      <P Name="PortNumber">1</P>
      <P Name="Name">qmdot_ref</P>
    </Port>
  </Block>
  <Block BlockType="ManualSwitch" Name="Manual Switch" SID="46">
    <P Name="Position">[220, 57, 250, 93]</P>
    <P Name="ZOrder">788</P>
    <P Name="CurrentSetting">0</P>
  </Block>
  <Block BlockType="Sin" Name="Sine Wave" SID="47">
    <P Name="Ports">[0, 1]</P>
    <P Name="Position">[20, 20, 50, 50]</P>
    <P Name="ZOrder">785</P>
    <P Name="SampleTime">0</P>
  </Block>
  <Block BlockType="Step" Name="Step" SID="48">
    <P Name="Position">[20, 70, 50, 100]</P>
    <P Name="ZOrder">786</P>
    <P Name="SampleTime">0</P>
  </Block>
  <Block BlockType="TransferFcn" Name="low-pass filter" SID="49">
    <P Name="Position">[85, 57, 180, 113]</P>
    <P Name="ZOrder">787</P>
    <P Name="Numerator">[2*pi*Fc_h]</P>
    <P Name="Denominator">[1 2*pi*Fc_h]</P>
  </Block>
  <Block BlockType="Outport" Name="qm_ref" SID="50">
    <P Name="Position">[415, 68, 445, 82]</P>
    <P Name="ZOrder">1588</P>
  </Block>
  <Block BlockType="Outport" Name="qmdot_ref" SID="51">
    <P Name="Position">[415, 103, 445, 117]</P>
    <P Name="ZOrder">1589</P>
    <P Name="Port">2</P>
  </Block>
  <Line>
    <P Name="ZOrder">1</P>
    <P Name="Src">49#out:1</P>
    <P Name="Dst">46#in:2</P>
  </Line>
  <Line>
    <P Name="ZOrder">2</P>
    <P Name="Src">46#out:1</P>
    <P Name="Points">[10, 0]</P>
    <Branch>
      <P Name="ZOrder">3</P>
      <P Name="Dst">50#in:1</P>
    </Branch>
    <Branch>
      <P Name="ZOrder">4</P>
      <P Name="Points">[0, 35]</P>
      <P Name="Dst">45#in:1</P>
    </Branch>
  </Line>
  <Line>
    <P Name="Name">qmdot_ref</P>
    <P Name="ZOrder">5</P>
    <P Name="Labels">[0, 0]</P>
    <P Name="Src">45#out:1</P>
    <P Name="Dst">51#in:1</P>
  </Line>
  <Line>
    <P Name="ZOrder">6</P>
    <P Name="Src">48#out:1</P>
    <P Name="Dst">49#in:1</P>
  </Line>
  <Line>
    <P Name="ZOrder">7</P>
    <P Name="Src">47#out:1</P>
    <P Name="Points">[143, 0; 0, 30]</P>
    <P Name="Dst">46#in:1</P>
  </Line>
</System>
