<?xml version="1.0" encoding="UTF-8"?>
<sltp_graph version="1.1" packageUris="http://schema.mathworks.com/mf0/sltp_mm/R2020a_201913111440">
  <sltp.mm.core.Context type="sltp.mm.core.Context" uuid="ba91e482-8bd5-4a61-9a9c-a464a83b114b">
    <globalData type="sltp.mm.core.GlobalData" uuid="fc28ca54-9998-40ca-92c7-b4d1a2547266">
      <dataName>port1Fcs</dataName>
      <type>RootInport</type>
    </globalData>
    <globalData type="sltp.mm.core.GlobalData" uuid="6485ced9-f829-42d2-b5a1-e62903a88043">
      <dataName>port1tau_a</dataName>
      <type>RootOutport</type>
    </globalData>
    <globalData type="sltp.mm.core.GlobalData" uuid="a4779973-881e-4b35-9852-5e5054a76810">
      <dataName>port1tau_c</dataName>
      <type>RootOutport</type>
    </globalData>
    <globalData type="sltp.mm.core.GlobalData" uuid="6eb4ccaa-993f-45dc-bd49-3a9e7fbba70d">
      <dataName>port1tau_d</dataName>
      <type>RootInport</type>
    </globalData>
    <globalData type="sltp.mm.core.GlobalData" uuid="d4fca16b-0ba1-42d1-8087-766d1b767646">
      <dataName>port2fe</dataName>
      <type>RootInport</type>
    </globalData>
    <globalData type="sltp.mm.core.GlobalData" uuid="68f669de-1e53-4edc-add8-273948731e98">
      <dataName>port2xe</dataName>
      <type>RootOutport</type>
    </globalData>
    <priorityDirection>HighNumberLast</priorityDirection>
    <editorState type="sltp.mm.core.EditorState" uuid="43391f07-97fb-4a8a-b557-57597c7e2d6a">
      <isSynchronized>true</isSynchronized>
    </editorState>
    <rootTask type="sltp.mm.core.Task" uuid="b68b0d01-b4c5-457d-97ce-5cc22414cb0b">
      <context type="sltp.mm.core.Context" uuid="ba91e482-8bd5-4a61-9a9c-a464a83b114b"/>
      <explicit>false</explicit>
      <name>Default</name>
      <priority>-2147483648</priority>
      <subgraph type="sltp.mm.core.Graph" uuid="da5659aa-fe48-4124-8568-af05ad4fbb9f">
        <tasks type="sltp.mm.core.Task" uuid="75b39edc-624c-4476-805c-b1c7501895f1">
          <baseTask>true</baseTask>
          <context type="sltp.mm.core.Context" uuid="ba91e482-8bd5-4a61-9a9c-a464a83b114b"/>
          <explicit>false</explicit>
          <id>1</id>
          <name>Cont</name>
          <priority>40</priority>
          <rates type="sltp.mm.core.Rate" uuid="73bec783-9500-4b18-881f-3e28c992c13d">
            <annotation>Cont</annotation>
            <color>255</color>
            <hasBlocks>true</hasBlocks>
            <rateSpec type="sltp.mm.core.RateSpec">
              <period>0</period>
            </rateSpec>
            <sti>0</sti>
          </rates>
          <rates type="sltp.mm.core.Rate" uuid="db2ca517-4403-4ace-bf48-b311d52a6de8">
            <annotation>FiM</annotation>
            <color>-2139062017</color>
            <hasBlocks>true</hasBlocks>
            <rateSpec type="sltp.mm.core.RateSpec">
              <offset>1</offset>
              <period>0</period>
            </rateSpec>
            <sti>1</sti>
          </rates>
        </tasks>
      </subgraph>
    </rootTask>
  </sltp.mm.core.Context>
</sltp_graph>