<?xml version="1.0" encoding="UTF-8"?>
<sltp_editor version="1.1" packageUris="http://schema.mathworks.com/mf0/DiagramEditor/R2019a_20181107 http://schema.mathworks.com/mf0/SltpSyntax/R2020a_201913111440">
  <sltp.mm.syntax.Context type="sltp.mm.syntax.Context" uuid="893c4cd5-90dc-43ab-8467-c9ce41ff35b6">
    <globalData type="sltp.mm.syntax.GlobalData" uuid="cfd55083-4b8e-48cf-83cd-135672df597e">
      <dataName>port1Fcs</dataName>
      <type>RootInport</type>
    </globalData>
    <globalData type="sltp.mm.syntax.GlobalData" uuid="6a224945-bc03-4c7e-b3bd-46d279c568aa">
      <dataName>port1tau_a</dataName>
      <type>RootOutport</type>
    </globalData>
    <globalData type="sltp.mm.syntax.GlobalData" uuid="48233f38-3449-4faa-aed0-33402a4b1a0e">
      <dataName>port1tau_c</dataName>
      <type>RootOutport</type>
    </globalData>
    <globalData type="sltp.mm.syntax.GlobalData" uuid="5fad54b3-8c8d-449f-9c35-42986442fcbe">
      <dataName>port1tau_d</dataName>
      <type>RootInport</type>
    </globalData>
    <globalData type="sltp.mm.syntax.GlobalData" uuid="59a1e0a2-9b68-4b9c-8ba7-dbc2ef5acd9d">
      <dataName>port2fe</dataName>
      <type>RootInport</type>
    </globalData>
    <globalData type="sltp.mm.syntax.GlobalData" uuid="e38f968c-5c1c-4405-a626-9d586d3f58f7">
      <dataName>port2xe</dataName>
      <type>RootOutport</type>
    </globalData>
    <rootGraph type="sltp.mm.syntax.Graph" uuid="19ffe572-3338-4833-b30e-fcc9b7740585">
      <children type="sltp.mm.syntax.Node" uuid="50cc5112-dcde-422c-8b65-0695f3eee7d1">
        <priority>40</priority>
        <rates type="sltp.mm.syntax.RateData">
          <color>#000000</color>
          <hasBlocks>true</hasBlocks>
          <rate>0</rate>
          <title>Cont</title>
        </rates>
        <rates type="sltp.mm.syntax.RateData">
          <color>#808080</color>
          <hasBlocks>true</hasBlocks>
          <rate>[0, 1]</rate>
          <title>FiM</title>
        </rates>
        <title>Cont</title>
        <type>base</type>
        <diagramElement type="diagram.editor.model.Entity" uuid="d5fadbfe-a197-4811-b139-333e76cf985b"/>
        <subgraph type="sltp.mm.syntax.Graph" uuid="b88e0d91-d461-4c2f-8278-ff36f2438143">
          <title>Cont</title>
          <diagramElement type="diagram.editor.model.Diagram" uuid="4d8c3127-de94-4c32-bef2-8320ef4ac3d4"/>
        </subgraph>
      </children>
      <title>Default</title>
      <diagramElement type="diagram.editor.model.Diagram" uuid="a8113750-0e0f-45ca-b0d4-a53d092ac281"/>
    </rootGraph>
  </sltp.mm.syntax.Context>
  <diagram.editor.model.Diagram type="diagram.editor.model.Diagram" uuid="a8113750-0e0f-45ca-b0d4-a53d092ac281">
    <entities type="diagram.editor.model.Entity" uuid="d5fadbfe-a197-4811-b139-333e76cf985b">
      <position>0,0</position>
      <size>0,0,0,0</size>
      <syntaxElement type="sltp.mm.syntax.Node" uuid="50cc5112-dcde-422c-8b65-0695f3eee7d1"/>
      <title>Cont</title>
      <type>base</type>
      <subDiagram type="diagram.editor.model.Diagram" uuid="4d8c3127-de94-4c32-bef2-8320ef4ac3d4">
        <position>0,0</position>
        <syntaxElement type="sltp.mm.syntax.Graph" uuid="b88e0d91-d461-4c2f-8278-ff36f2438143"/>
        <title>Cont</title>
        <type>graph.Graph</type>
      </subDiagram>
    </entities>
    <syntaxElement type="sltp.mm.syntax.Graph" uuid="19ffe572-3338-4833-b30e-fcc9b7740585"/>
    <title>Default</title>
    <type>graph.Graph</type>
  </diagram.editor.model.Diagram>
</sltp_editor>